original_index,original_text,new_document,augmentation,model
25,"{'text': 'Информированное добровольное согласие на виды медицинских вмешательств для получения первичной медико-санитарной помощи и диагностическое исследование в ООО ""Медицинский центр Современное Здоровье""\n\nЯ, нижеподписавшийся(аяся), Иванов Д. В. , 1995 г.р., проживающий по адресу: г. Москва, ул. Ленина, д.15, кв.7, даю информированное добровольное согласие на виды медицинских вмешательств, включенные в Перечень определенных видов медицинских вмешательств, рекомендованных для получения первичной медико-санитарной помощи, утвержденный приказом Минздрава РФ от 30.04.2014 г. No680н (далее - Перечень), для получения первичной медико- санитарной помощи в ООО ""Медицинский центр Современное Здоровье"".\n\nУчастковый терапевт Банников А. Ю., в ясной и понятной мне форме, проинформировал меня о целях и методах оказания медицинской помощи, связанных с этим рисках, возможных альтернативных вариантах медицинских вмешательств, их возможных последствиях, включая вероятность осложнений, и ожидаемых результатах оказания медицинской помощи. Мне также объяснили, что я имею право отказаться от одного или нескольких предложенных видов медицинских вмешательств, включенных в Перечень, или потребовать их прекращения, за исключением случаев, предусмотренных частью 11 статьи 24 Федерального закона от 21.11.2011 г. No 323-ФЗ «Об основах охраны здоровья граждан в Российской Федерации».\n\nСведения о лиЦе, которому в соответствии с Федеральным Законом может быть передана информация о состоянии моего здоровья или состоянии лица, законным представителем которого я являюсь: Смирнов А. В., брат, телефон для связи: +7 900 123-45-67, электронный адрес: smirnov.av@gmail.com \n\nМедицинский работник: Банников А.Ю.\nПодпись: ____Дата: 20.07.2025\n\nПациент (Представитель): Иванов Д. В.\nТелефон для связи: +7 999 777-99-88, дополнительный телефон: +7 495 555-66-77\nЭлектронный адрес: ivanov.dv@email.com\nПодпись: ____Дата: 20.07.2025 \n\nПосле осмотра и назначения терапии необходимо обращаться к врачу для контроля эффективности лечения и дальнейших консультаций. Дата следующего обращения: 30.07.2025. \n\nЛечащий врач: Банников А.Ю.\nПодпись: ____Дата: 20.07.2025\n\nНа услуги, не входящие в программу ОМС, предоставляется скидка 15%. \n\nПримечание: При необходимости, для дополнительной связи со мной, можно использовать электронную почту и дополнительный номер телефона, указанные выше. В случае изменения моих контактных данных, обязуюсь сообщить об этом медицинскому работнику ООО ""Медицинский центр Современное Здоровье"".'}","{'text': 'Информированное добровольное согласие на виды медицинских вмешательств для получения первичной медико-санитарной помощи и диагностическое исследование в ООО ""Клиника Здоровье Плюс""\n\nЯ, нижеподписавшийся(аяся), Петрова Ю. С., 1987 г.р., проживающая по адресу: г. Санкт-Петербург, ул. Невский, д.14, кв.21, даю информированное добровольное согласие на виды медицинских вмешательств, включенные в Перечень определенных видов медицинских вмешательств, рекомендованных для получения первичной медико-санитарной помощи, утвержденный приказом Минздрава РФ от 30.04.2020 г. No790н (далее - Перечень), для получения первичной медико-санитарной помощи в ООО ""Клиника Здоровье Плюс"".\n\nУчастковый терапевт Синицина М. А., в ясной и понятной мне форме, проинформировала меня о целях и методах оказания медицинской помощи, связанных с этим рисках, возможных альтернативных вариантах медицинских вмешательств, их возможных последствиях, включая вероятность осложнений, и ожидаемых результатах оказания медицинской помощи. Мне также объяснили, что я имею право отказаться от одного или нескольких предложенных видов медицинских вмешательств, включенных в Перечень, или потребовать их прекращения, за исключением случаев, предусмотренных частью 11 статьи 24 Федерального закона от 21.11.2011 г. No 323-ФЗ «Об основах охраны здоровья граждан в Российской Федерации».

Примечательно, что мой сосед по квартире, Григорий Александрович, также воспользовался услугами этой клиники и остался очень доволен результатом, что укрепило мое доверие к медицинскому учреждению.

Сведения о лице, которому в соответствии с Федеральным Законом может быть передана информация о состоянии моего здоровья или состоянии лица, законным представителем которого я являюсь: Воронцов И. С., муж, телефон для связи: +7 901 234-56-78, электронный адрес: vorontsov.is@gmail.com\n\nМедицинский работник: Синицина М.А.\nПодпись: ____Дата: 25.08.2026\n\nПациент (Представитель): Петрова Ю. С.\nТелефон для связи: +7 911 888-77-66, дополнительный телефон: +7 812 555-44-33\nЭлектронный адрес: petrova.ys@mail.ru\nПодпись: ____Дата: 25.08.2026\n\nПосле осмотра и назначения терапии необходимо обращаться к врачу для контроля эффективности лечения и дальнейших консультаций. Дата следующего обращения: 05.09.2026.\n\nЛечащий врач: Синицина М.А.\nПодпись: ____Дата: 25.08.2026\n\nНа услуги, не входящие в программу ОМС, предоставляется скидка 20%.\n\nПримечание: При необходимости, для дополнительной связи со мной, можно использовать электронную почту и дополнительный номер телефона, указанные выше. В случае изменения моих контактных данных, обязуюсь сообщить об этом медицинскому работнику ООО ""Клиника Здоровье Плюс"".'}",Add mention of a person name in the middle of the document,gpt-4o
42,"{'text': 'Россия г. Сочи, ул. Н.Иванова, д. 15 тел/факс 8 (862)456-78-90, 8-800-123-45-67 Центр Медицинских Исследований ""Альфа"" ул. Адлерская, д. 99 тел/факс 8 (862)987-65-43 e-mail: info@sochi.alpha-med.ru сайт: www.alpha-med.ru ЛПУ: Медицинский Центр ""Здоровье"" Врач: Доктор Ирина Смирнова Дата: 2022-08-20 Фамилия: Иванова Ирина Дата рождения: 1985-10-20 Адрес пациента: г. Сочи, ул. Цветная, д. 5, кв. 25 Наименование исследования Результат Пол: мужской Ед. изм. Нормальные значения КОАГУЛОЛОГИЧЕСКИЕ ИССЛЕДОВАНИЯ Фибриноген 3.50 г/л Нормативные пределы (г/л): Общие: 2-4 Беременные женщины: от 1 недели: 2 - 4,2 от 14 недели: 2 - 4,7 от 23 недели: 4 - 6 Тромбиновое время Протромбиновое время Протромбин % (по Квику) Международное нормализованное 16.5 14.1 88 0.98 сек. сек. % 13 - 21 12 - 16 70 - 120 отношение (МНО) Референтные пределы: 0.8-1.2 АЧТВ Референтные пределы для мониторинга терапии за антикоагулянтами непрямого действия: 2.0-4.0 40.2 сек. 27 - 41\n\nНовые параграфы:\nПациент Ирина Иванова обратилась в Центр Медицинских Исследований ""Альфа"" для прохождения комплексного обследования своего здоровья. Ирина выразила беспокойство о своем общем состоянии и решила пройти проверку своих коагуляционных показателей для более детального анализа. Врач Ирина Смирнова провела осмотр пациента и рекомендовала провести ряд лабораторных анализов, включая изучение фибриногена и протромбинового времени.\n\nПосле получения результатов лабораторных исследований, оказалось, что у Ирины повышен уровень фибриногена, что может свидетельствовать о возможном наличии воспалительного процесса в организме. Врачи Центра ""Альфа"" назначили дополнительные консультации специалистов для уточнения диагноза и назначения необходимого лечения.'}","{'текст': 'Россия г. Краснодар, ул. А.Соколова, д. 32 тел/факс 8 (861)654-32-10, 8-800-765-43-21 Центр Медицинских Исследований ""Бета"" ул. Южная, д. 55 тел/факс 8 (861)210-98-76 электронная почта: info@krasnodar.beta-med.ru сайт: www.beta-med.ru ЛПУ: Медицинский Центр ""Здоровье"" Врач: Доктор Наталья Петрова Дата: 2023-05-15 Фамилия: Соколова Наталья Дата рождения: 1990-06-30 Адрес пациента: г. Краснодар, ул. Центральная, д. 8, кв. 12 Наименование исследования Результат Пол: женский Ед. изм. Нормальные значения КОАГУЛОЛОГИЧЕСКИЕ ИССЛЕДОВАНИЯ Фибриноген 3.25 г/л Нормативные пределы (г/л): Общие: 2-4 Беременные женщины: от 1 недели: 1.8 - 3.9, от 14 недели: 2.2 - 4.1 от 23 недели: 3.5 - 5.8 Тромбиновое время Протромбиновое время Протромбин % (по Квику) Международное нормализованное 17.1 14.5 90 1.02 сек. сек. % 14 - 22 12 - 17 68 - 125 отношение (МНО) Референтные пределы: 0.7-1.3 АЧТВ Референтные пределы для мониторинга терапии за антикоагулянтами непрямого действия: 1.8-4.5 42.7 сек. 25 - 39\n\nНовые параграфы:\nПациент Наталья Соколова обратилась в Центр Медицинских Исследований ""Бета"" для прохождения профилактического обследования своего организма. Наталья выразила беспокойство о своем общем самочувствии и приняла решение пройти проверку своих коагуляционных параметров для более детального анализа. Доктор Наталья Петрова провела осмотр пациентки и порекомендовала провести ряд лабораторных тестов, включая анализ фибриногена и протромбинового времени.\n\nПосле получения результатов лабораторных исследований, оказалось, что у Натальи наблюдается повышенный уровень фибриногена, что может указывать на возможное наличие воспалительного процесса в организме. Врачи Центра ""Бета"" порекомендовали дополнительные консультации специалистов для уточнения диагноза и назначения необходимой терапии.'}",Add some misprints,gpt-3.5-turbo
55,"{'text': 'ГБУЗ ""Муниципальный консультативно-диагностический клинический центр""\nтел.: 86-52-45\nПациент: КОВАЛЕНКО АРТЕМ НИКОЛАЕВИЧ\nПротокол осмотра в отделении: Отделение консультаций и диагностики для взрослых\nАмбулаторная карта Nº 389246/5\nГастроэнтеролог 2\nПациент обратился на консультацию по совету терапевта с данными последнего обследования.\nЖалобы: повторяющиеся боли в эпигастрии, особенно натощак, иногда тошнота.\nАнамнез заболевания: Больной считает себя в течение 3-х лет – ЯБДПК, ухудшение состояния за последний месяц. Проходил курс лечения у терапевта - эзомепразол, фитотерапию, де-нол.\nЭГДС 12.05.22 – Воспалительно-язвенный гастродуоденит. Рубцовая деформация желудочно-кишечного перехода.\nАнамнез жизни: ТБС (-), ВПЧ (-), Вирусный гепатит (-)\nСопутствующие заболевания: ЯБДПК, гипертония\nНаследственность: diabetes (+), гипертония (+) \nАллергологический анамнез: аллергия на пенициллины.\nГемотрансфузии (-), операции (-), донорство (-)\nВредные привычки: курение до 10 шт/сут, алкоголь в умеренных количествах.\nОбъективный статус: Рост 180см, вес 80кг. ИМТ 24; состояние удовлетворительное. Периферические л/у не пальпируются. Кожа чистая, обычного цвета. Склеры белые. Аппетит хороший. Язык чистый.\nЖивот без видимых деформаций, не вздут, при пальпации мягкий, болезненный в эпигастрии. Печень не увеличена. Селезенка не пальпируется. Диурез адекватный. Стул в порядке.\nДиагноз: Хронический гастродуоденит, нестабильное состояние ремиссии К29,9. Язвенная болезнь желудочно-кишечного перехода, ремиссия. Рубцовая деформация желудочно-кишечного перехода.\nРекомендации для лечащего врача: Соблюдение диеты с исключением жирной, острой, жареной, соленой пищи. \nЭзолон (эзомепразол) 20мг 1 капсула 2 раза в день за 30 мин до еды - 4 недели (потом по усмотрению врача)\nДе-нол (висмута трикалия дицитрат) 2 таблетки 2 раза в день натощак - 4 недели\nФосфалюгель (алюминий Фосфат) 1 пакет 3 раза в день, через 2 часа после еды и на ночь, продолжительность курса - 10-14 дней\nРегулярные осмотры у терапевта.\nКопия протокола выдана пациенту.\nСогласие на медицинское вмешательство получено.\nДата и время подписи: 18.05.2022 11:30 Никулина Елена Александровна.'}","ГБУЗ ""Центральный Городской Консультативно-Диагностический Клинико-Диспансерный Центр""
тел.: 90-77-64
Пациент: АНДЕРСОН ДЖОН ГЕНРИ
Протокол осмотра в отделении: Отделение консультаций и диагностики для взрослых
Амбулаторная карта Nº 482314/7
Гастроэнтеролог 1
Пациент обратился на консультацию по совету врача-терапевта с результатами последнего обследования.

Жалобы: периодические боли в эпигастрии, особенно после приема пищи, изжога, иногда рвота.

Анамнез заболевания: Пациент считает себя больным в течение 2 лет – рефлюкс-эзофагит, последние два месяца ухудшение состояния. Получал лечение у терапевта - омепразол, антациды, фитотерапию.
ЭГДС 25.06.23 – Эрозивный гастрит. Сужение пищевода 2 степени.

Анамнез жизни: ТБС (-), ВПЧ (-), Вирусный гепатит (-)

Сопутствующие заболевания: гастрит, гипотония

Наследственность: астма (+), гипотония (+)

Аллергологический анамнез: аллергия на амоксициллин.

Гемотрансфузии (-), операции (-), донорство (-)

Вредные привычки: курение до 5 сигарет/сут, алкоголь в небольших количествах.

Объективный статус: Рост 175 см, вес 78 кг. ИМТ 25.5; состояние удовлетворительное. Периферические л/у не увеличены. Кожа чистая, нормальной окраски. Склеры белые. Аппетит хороший. Язык чистый.

Живот без видимых деформаций, не вздут, при пальпации мягкий, болезненный в эпигастрии и подреберье. Печень не увеличена. Селезенка не пальпируется. Диурез адекватный. Стул регулярный, оформленный.

Диагноз: Эрозивный гастрит, хроническое обострение К29.6, рефлюкс-эзофагит, ремиссия. Сужение пищевода.

Рекомендации для лечащего врача: Строгое соблюдение диеты с исключением острой, жирной, жареной, соленой и кислой пищи.
Нексум (esomeprazol) 40мг 1 капсула 1 раз в день за 30 мин до еды - 8 недель (дальше по показаниям врача)
Де-нол (висмута трикалия дицитрат) 2 таблетки 2 раза в день натощак - 6 недель
Гавискон (натрия альгинат) 10мл суспензии после еды и перед сном - 4 недели
Регулярные обследования у терапевта, при необходимости консультация гастроэнтеролога.

Копия протокола выдана пациенту.
Согласие на медицинское вмешательство получено.
Дата и время подписи: 05.09.2023 14:20 Смирнова Ольга Викторовна.",Write all names in title case and surnames in upper case,gpt-4o
78,"{'text': 'ООО ""Медицинский центр Здоровье и Гармония"". тел.: 38-41-56 Пациент: Анна Михайлова  Протокол осмотра в отделении: Консультативное отделение для взрослых Амбулаторная карта №103 Гастроэнтеролог 1 Пациентка обратилась на консультацию по направлению терапевта с результатами обследования. Жалобы: периодические боли в эпигастрии натощак, тошнота. Анамнез заболевания: считает себя больной в течение 1,5 лет - Хронический гастродуоденит. Ухудшение с 2 месяца. * Получала лечение у терапевта: омепразол, фитотерапия, де-нол. ФГДС 15.07.20 - Атрофический гастрит. Рубцово-язвенная деформация луковицы двенадцатиперстной кишки. Анамнез жизни: ТБС (-), ББ (-), Вирусный гепатит (-). Сопутствующие заболевания: ЯБДПК. Наследственность: отягощена. Аллергологический анамнез: нет. Гемотрансфузии (-), операции (-), донорство (-). Вредные привычки: курение 5-7 сигарет в день, алкоголь (-). Объективный статус: Рост 168 см, вес 60 кг. ИМТ 21.5. Состояние удовлетворительное. Периферические л/у не пальпируются. Кожа чистая, розоватого оттенка. Склеры белые. Вес стабилен. Аппетит сохранен. Язык влажный, чистый, умеренно обложен белым налетом. Живот симметричен, не вздут, при пальпации мягкий, болезненный в эпигастрии. Печень не увеличена, край острый, эластичный, безболезненный. Селезенка не пальпируется. Диурез в норме. Диагноз: Хронический атрофический гастрит К29.4. Язвенная болезнь двенадцатиперстной кишки, стадия ремиссии. Рубцово-язвенная деформация луковицы двенадцатиперстной кишки. Рекомендации для лечащего врача: Диета с ограничением жирного, острого, жареного, соленого. Омез (омепразол) 20 мг, 1 капсула 2 раза в день за 30 минут до еды - 4 недели (далее по необходимости). Де-нол (висмута трикалия дицитрат) 2 таблетки 2 раза в день натощак - 4 недели. Фосфалюгель (алюминия фосфат) по 1 пакетику 3 раза в день, через каждые 3 часа после еды и на ночь - 7-10 дней. Наблюдение у терапевта по месту жительства. Копия протокола выдана на руки. Информированное добровольное согласие на медицинское вмешательство получено. Дата и время подписи: 11:20 8\n\nООО ""Нейро-Лаборатория"". тел.: 49-30-64 Пациент: Александр Петров Протокол осмотра в отделении: Неврологическое отделение Амбулаторная карта №205 Невролог 1 Пациент обратился на консультацию по направлению терапевта с результатами обследования. Жалобы: головная боль, головокружения, слабость в руке. Анамнез заболевания: в течение прошлого года страдал недомоганием, повышенной утомляемостью. Данные по МРТ головного мозга - наличие острого наружного гидроцефала, рассеянные очаги демиелинизации белого вещества. Анамнез жизни: ТБС (-), ББ (-), Вирусный гепатит (-). Сопутствующие заболевания: острый наружный гидроцефал. Наследственность: есть случаи неврологических заболеваний в семье. Аллергологический анамнез: не отягощен. Гемотрансфузии (-), операции (-), донорство (-). Вредные привычки: отрицает. Объективный статус: Рост 182 см, вес 78 кг. ИМТ 23.5. Состояние умеренное. Наблюдается асимметрия лица, слабость в правой руке. Подвижность - ограниченная. Очаговых симптомов не выявлено. Диагноз: Острый наружный гидроцефал, рассеянные очаги демиелинизации белого вещества головного мозга. Рекомендации для лечащего врача: Нейрохирургическое дооснащение, индивидуальная схема нейропротекции. Осмотр через 3 месяца для динамического наблюдения. Копия протокола выдана на руки. Информированное согласие на медицинское вмешательство получено. Дата и время подписи: 14:45 8'}","НОВЫЙ ДОКУМЕНТ:

ООО ""Медицинский центр Здоровье и Гармония"". тел.: 48-76-92 Пациент: Наталья Сергеева Протокол осмотра в отделении: Консультативное отделение для взрослых Амбулаторная карта №207 Гастроэнтеролог 1 Пациентка обратилась на консультацию по направлению терапевта с результатами обследования. Жалобы: периодические боли в эпигастрии натощак, тошнота. Анамнез заболевания: считает себя больной в течение 1,5 лет - Хронический гастродуоденит. Ухудшение с 2 месяца. * Получала лечение у терапевта: омепразол, фитотерапия, де-нол. ФГДС 15.07.20 - Атрофический гастрит. Рубцово-язвенная деформация луковицы двенадцатиперстной кишки. Анамнез жизни: ТБС (-), ББ (-), Вирусный гепатит (-). Сопутствующие заболевания: ЯБДПК. Наследственность: отягощена. Аллергологический анамнез: нет. Гемотрансфузии (-), операции (-), донорство (-). Вредные привычки: курение 3-5 сигарет в день, алкоголь (-). Объективный статус: Рост 165 см, вес 58 кг. ИМТ 21.3. Состояние удовлетворительное. Периферические л/у не пальпируются. Кожа чистая, розоватого оттенка. Склеры белые. Вес стабилен. Аппетит сохранен. Язык влажный, чистый, умеренно обложен белым налетом. Живот симметричен, не вздут, при пальпации мягкий, болезненный в эпигастрии. Печень не увеличена, край острый, эластичный, безболезненный. Селезенка не пальпируется. Диурез в норме. Диагноз: Хронический атрофический гастрит К29.4. Язвенная болезнь двенадцатиперстной кишки, стадия ремиссии. Рубцово-язвенная деформация луковицы двенадцатиперстной кишки. Рекомендации для лечащего врача: Диета с ограничением жирного, острого, жареного, соленого. Омез (омепразол) 20 мг, 1 капсула 2 раза в день за 30 минут до еды - 4 недели (далее по необходимости). Де-нол (висмута трикалия дицитрат) 2 таблетки 2 раза в день натощак - 4 недели. Фосфалюгель (алюминия фосфат) по 1 пакетику 3 раза в день, через каждые 3 часа после еды и на ночь - 7-10 дней. Наблюдение у терапевта по месту жительства. Копия протокола выдана на руки. Информированное добровольное согласие на медицинское вмешательство получено. Дата и время подписи: 12:30 9

Упоминание имени Полины Ивановой, работника ООО ""Медицинский центр Здоровье и Гармония"", в середине текста приведет к ситуации, где специалист будет рекомендовать консультацию Полине Ивановой для более детального обсуждения лечебного курса.

ООО ""Нейро-Академия"". тел.: 49-83-22 Пациент: Дмитрий Козлов Протокол осмотра в отделении: Неврологическое отделение Амбулаторная карта №340 Невролог 1 Пациент обратился на консультацию по направлению терапевта с результатами обследования. Жалобы: головная боль, головокружения, слабость в руке. Анамнез заболевания: в течение прошлого года страдал недомоганием, повышенной утомляемостью. Данные по МРТ головного мозга - наличие острого наружного гидроцефала, рассеянные очаги демиелинизации белого вещества. Анамнез жизни: ТБС (-), ББ (-), Вирусный гепатит (-). Сопутствующие заболевания: острый наружный гидроцефал. Наследственность: есть случаи неврологических заболеваний в семье. Аллергологический анамнез: не отягощен. Гемотрансфузии (-), операции (-), донорство (-). Вредные привычки: отрицает. Объективный статус: Рост 179 см, вес 76 кг. ИМТ 23.7. Состояние умеренное. Наблюдается асиметрия лица, слабость в правой руке. Подвижность - ограниченная. Очаговых симптомов не выявлено. Диагноз: Острый наружный гидроцефал, рассеянные очаги демиелинизации белого вещества головного мозга. Рекомендации для лечащего врача: Нейрохирургическое дооснащение, индивидуальная схема нейропротекции. Осмотр через 3 месяца для динамического наблюдения. Копия протокола выдана на руки. Информированное согласие на медицинское вмешательство получено. Дата и время подписи: 15:20 9",Add mention of a person name in the middle of the document,gpt-3.5-turbo
51,"{'text': 'Россия, г. Самара, ул. Гагарина, д. 15/2 тел/факс 8 (846)362-54-32, 8-800-700-90-20 Лаборатория ""Анализ-Тест"" ул. Московская, д. 123 тел/факс 8 (846)789-12-34 e-mail: info@analiztest.ru сайт: ЛПУ: Поликлиника №15 Доктор: 701230567 г. Самара, дата: 2022-10-18\n\nФамилия: Новикова\nИмя: Марина\nОтчество: Петровна\nДата рождения: 1995-07-20\nАдрес пациента: г. Самара, ул. Ленина, д. 5, кв. 14\nНаименование исследования    Результат Пол: женский Ед. изм. Нормальные значения\nКОАГУЛОЛОГИЧЕСКИЕ ИССЛЕДОВАНИЯ\nФибриноген    3.45 г/л Нормативные пределы (г/л): Общие: 2-4 Беременные женщины: от 1 недели: 2 - 4,2 от 14 недели: 2 - 4,7 от 23 недели: 4 - 6 \nТромбиновое время    Протромбиновое время    Протромбин % (по Квику)\nМеждународное нормализованное отношение (МНО)\n16.2 сек. 14.5 сек. 91 1.10\nсек. сек. % отношение\n13 - 21 12 - 16 70 - 120 Референтные пределы: 0.8-1.2 \nАЧТВ\nРеферентные пределы для мониторинга терапии за антикоагулянтами непрямого действия: 2.0-4.0\n41.2 сек. 28 - 42\n\nФамилия: Соколов\nИмя: Иван\nОтчество: Александрович\nДата рождения: 1980-03-15\nАдрес пациента: г. Самара, ул. Пушкина, д. 25, кв. 8\nНаименование исследования    Результат Пол: мужской Ед. изм. Нормальные значения\nКОАГУЛОЛОГИЧЕСКИЕ ИССЛЕДОВАНИЯ\nФибриноген    3.10 г/л Нормативные пределы (г/л): Общие: 2-4 Беременные женщины: от 1 недели: 2 - 4,2 от 14 недели: 2 - 4,7 от 23 недели: 4 - 6 \nТромбиновое время    Протромбиновое время    Протромбин % (по Квику)\nМеждународное нормализованное отношение (МНО)\n15.5 сек. 13.5 сек. 88 1.05\nсек. сек. % отношение\n13 - 21 12 - 16 70 - 120 Референтные пределы: 0.8-1.2 \nАЧТВ\nРеферентные пределы для мониторинга терапии за антикоагулянтами непрямого действия: 2.0-4.0\n38.7 сек. 25 - 39'}","{'text': 'Россия, г. Самара, ул. Петрова, д. 25/10 тел/факс 8 (846)478-56-73, 8-800-456-78-90 Центр ""Медицинские Исследования"" ул. Ленинская, д. 345 тел/факс 8 (846)234-56-78 e-mail: contact@medresearch.com сайт: Центрмедисследования.рф ЛПУ: Поликлиника №18 Доктор: 907634598 г. Самара, дата: 2023-05-12\n\nФамилия: Козлов\nИмя: Анна\nОтчество: Владимировна\nДата рождения: 1988-12-05\nАдрес пациента: г. Самара, ул. Гагарина, д. 7, кв. 28\nНаименование исследования    Результат Пол: женский Ед. изм. Нормальные значения\nКОАГУЛОЛОГИЧЕСКИЕ ИССЛЕДОВАНИЯ\nФибриноген    3.60 г/л Нормативные пределы (г/л): Общие: 2-4 Беременные женщины: от 1 недели: 2 - 4,2 от 14 недели: 2 - 4,7 от 23 недели: 4 - 6 \nТромбиновое время    Протромбиновое время    Протромбин % (по Квику)\nМеждународное нормализованное отношение (МНО)\n17.3 сек. 15.8 сек. 89 1.15\nсек. сек. % отношение\n13 - 21 12 - 16 70 - 120 Референтные пределы: 0.8-1.2 \nАЧТВ\nРеферентные пределы для мониторинга терапии за антикоагулянтами непрямого действия: 2.0-4.0\n44.6 сек. 29 - 43\n\nФамилия: Петров\nИмя: Дмитрий\nОтчество: Игоревич\nДата рождения: 1975-08-23\nАдрес пациента: г. Самара, ул. Толстого, д. 13, кв. 5\nНаименование исследования    Результат Пол: мужской Ед. изм. Нормальные значения\nКОАГУЛОЛОГИЧЕСКИЕ ИССЛЕДОВАНИЯ\nФибриноген    3.25 г/л Нормативные пределы (г/л): Общие: 2-4 Беременные женщины: от 1 недели: 2 - 4,2 от 14 недели: 2 - 4,7 от 23 недели: 4 - 6 \nТромбиновое время    Протромбиновое время    Протромбин % (по Квику)\nМеждународное нормализованное отношение (МНО)\n16.8 сек. 14.9 сек. 90 1.12\nсек. сек. % отношение\n13 - 21 12 - 16 70 - 120 Референтные пределы: 0.8-1.2 \nАЧТВ\nРеферентные пределы для мониторинга терапии за антикоагулянтами непрямого действия: 2.0-4.0\n40.3 сек. 27 - 41\n\nТелефоны для связи: 8 (846)345-67-89, 8-800-555-55-55, 8 (846)901-23-45\nEmail: appointment@medresearch.com, support@medresearch.com, billing@medresearch.com'}","Add few more phone numbers, emails, etc.",gpt-3.5-turbo
18,"{'text': 'NEW_DOCUMENT:\n\nДата приема: 04.10.2021 \nПациент: Иванова Елена Владимировна\nДата рождения: 15.03.1990\nПол(м/ж): ж\nНомер мед.карты: 6465321\nКатегория: консультация\nАдрес: ул. Зеленая, д. 25, кв. 10, г. Новосибирск, Россия\n\nЖалобы\nНомер 2222 \nВрач: Петрова Анна Александровна\nНаправивший врач/организация: Центр медицины семьи ""Здоровье""\n\nКонсультация терапевта -БЖ\nСильные боли в нижней части спины, головные боли, слабость, повышенная утомляемость, нарушения сна, чувство разбитости.\nИстория заболевания \nПациентка заметила боли в спине после физической нагрузки на тренировке. Принимала обезболивающие, однако симптомы не уменьшились. Обратилась для проведения обследования и разработки плана лечения.\n  \nАнамнез жизни\nАллергии на клещей. Не курит, регулярно занимается йогой. Операций не было. Рентгенография грудной клетки в норме. \n  \nЭпидемиологический анамнез\nНе было контактов с инфекционными больными. За последний месяц не посещала другие страны. Симптомов ОРИ нет.\n\nПереболела COVID-19 в мае 2021 года, ПЦР-тест положительный. Привита от гриппа.\n\nСтраховой анамнез\nРаботает удаленно. Полис действителен.\n\nОбъективный статус\nРост 170 см, вес= 60 кг, ИМТ= 20,7 кг\\м2. Температура тела 36,6°C.\nОбщее состояние умеренно удовлетворительное. Кожа чистая, упругая. Лимфоузлы не увеличены. \n  \nСердечно-сосудистая система\nПульс 80 уд/мин, ритмичный. АД 120/80 мм. рт. ст. Сердечные тоны чистые.\n  \nОрганы дыхания\nДыхание везикулярное, хрипов нет. ЧДД 18 в минуту.\n  \nОрганы пищеварения\nЖивот мягкий, безболезненный. Печень не пальпируется.\n  \nОрганы опорно-двигательной системы\nСуставы подвижны, болезненности нет.\n  \nЭндокринная система\nЩитовидная железа не увеличена.\n  \nМочеполовая система\nФизиологические отправления в норме, симптом Пастернака отрицательный.\n\nДиагноз\nОстрый ломбаго с выраженным мышечным спазмом.\nДиагноз по МКБ-10\nM54.4, Ломбаго с ишиасом\n\nРекомендации\nПлан обследования\nОбщий анализ крови, биохимический анализ крови, УЗИ почек и печени\n\nПлан лечения\nДиета без соли и жирной пищи. Назначено Физиотерапевтические процедуры - магнитотерапия.\nПринимать обезболивающие и препараты для укрепления мышц.\n\nТрудоспособность\nОтпуск по болезни до 10.10.2021\n\nВрач: Петрова Анна Александровна\nМедицинская услуга предоставлена полностью и качественно!\nПациент: Иванова Елена Владимировна\n\n(подпись) (ФИО пациента)\nСпасибо за лечение, приятного дня!'}","NEW_DOCUMENT:

Дата приема: 17.09.2022 
Пациент: Смирнов Николай Игоревич
Дата рождения: 25.07.1985
Пол(м/ж): м
Номер мед.карты: 7753190
Категория: консультация
Адрес: ул. Центральная, д. 12, кв. 5, г. Краснодар, Россия

Жалобы
Номер 8446 
Врач: Лисова Мария Сергеевна
Направивший врач/организация: Клиника медицинских инноваций ""Эстетика""

Консультация терапевта -БЖ
Сильные боли в пояснице, головокружения, нарушения сна, общее недомогание.
История заболевания 
Пациент жаловался на боли в пояснице после длительного пребывания за компьютером. Принимал обезболивающие, но симптомы усилились. Обратился для обследования и консультации специалиста.

Анамнез жизни
Аллергии на пыльцу. Не курит, увлекается велосипедными прогулками. Операций не было. Рентгенография легких не выявила патологий. 

Эпидемиологический анамнез
Не контактировал с больными ОРВИ. Не посещал другие страны за последние 3 месяца. Симптомов ОРЗ не наблюдалось.

Перенес COVID-19 в сентябре 2021 года, результаты ПЦР-теста были положительными. Привит против гриппа.

Страховой анамнез
Занимается фрилансом. Действующий медицинский полис.

Объективный статус
Рост 178 см, вес= 73 кг, ИМТ= 23,0 кг/м2. Температура тела 36,7°C.
Общее состояние умеренно удовлетворительное. Кожа чистая, упругая. Лимфоузлы не увеличены.

Сердечно-сосудистая система
Пульс 72 уд/мин, ритмичный. АД 125/85 мм. рт. ст. Сердечные тоны ясные.

Органы дыхания
Дыхание везикулярное, дыхательная частота 16 в минуту.

Органы пищеварения
Живот мягкий, безболезненный. Печень не пальпируется.

Органы опорно-двигательной системы
Суставы подвижны, болезненности нет.

Эндокринная система
Щитовидная железа не увеличена.

Мочеполовая система
Физиологические выделения в норме, симптом Пастернака отрицательный.

Диагноз
Острый ломбаго с мышечным спазмом.
Диагноз по МКБ-10
M54.4, Ломбаго с ишиасом

Рекомендации
План обследования
Общий анализ крови, биохимический анализ крови, УЗИ почек и печени, КТ позвоночника.

План лечения
Диета, физиотерапевтические процедуры - лазеротерапия. Препараты для укрепления мышц и облегчения боли.

Трудоспособность
Отпуск по болезни до 20.09.2022

Врач: Лисова Мария Сергеевна
Медицинская услуга предоставлена полностью и качественно!
Пациент: Смирнов Николай Игоревич

(подпись) (ФИО пациента)
Благодарю за качественное обслуживание и лечение. Хорошего дня!","Add one more location (city, country, etc.)",gpt-3.5-turbo
27,"{'text': 'Дата приема: 18.12.2020\nПосещение кардиолога\nНомер карты: 2054873\nНовикова Мария Васильевна\nВрач:\nИванов С. Б.\nВремя приема: 10:45:00\nВозраст пациентки 47\nПриём кардиолога\nЖалобы: на боль в области сердца и приступы удушья\nАнамнез заболевания, травмы: наличие сердечных заболеваний подтверждает, получала лечение\nСтраховой анамнез: Инвалидность по болезни\nЭпиданамнез : гепатиты, ТБС, венерические заболевания отрицает.\nАллергологический анамнез : аллергия на пыльцу различных растений\nОбъективный статус: среднее состояние, дыхание учащено, живот мягкий, безболезненный. Пульс учащенный, ровный.\nStatus localis: скачи в области сердца, приступы удушья на физической нагрузке\nRg: эхокардиограмма\nМКБ-10 : {И25.1} Атеросклеотическое поражение сердца {Поктверждено} (Прием в рамках откры того случая обращения)\nДиагноз: Хроническая ишемическая болезнь сердца, безостановок сердца, стенокардия\nРекомендовано:\nАмбулаторное лечение: принимать «Беталок ZOK» 25 мг раз в сутки утром, а также «Кардиомагнил» 75 мг ежедневно вечером.\nТрудоспособность: Недуспособен(а)\nПовторная явка: Каждые 3 месяца для обновления рецепта. В случае усилившихся приступов-немедленно.'}","Новая документация:

**Пациентка:** Людмила Петрова  
**Дата приема:** 25.09.2021  
**Номер карты:** 7640215  
**Врач:** Елена Иванова

**Прием кардиолога**  
**Время приема:** 11:30:00  
**Возраст пациентки:** 53 лет  

**Жалобы:**  
Пациентка жалуется на неприятные ощущения в грудной клетке и затруднение дыхания во время физических нагрузок.

**Анамнез:**  
История заболевания свидетельствует о ранее диагностированных сердечных проблемах, для которых получала соответствующее лечение.

**Страховой анамнез:**  
По состоянию здоровья признана временно неработоспособной.

**Эпиданамнез:**  
Ранее не переносила туберкулез, гепатиты или венерические заболевания.

**Аллергологический анамнез:**  
У пациентки наблюдается аллергия на пищевые продукты и определенные медикаменты.

**Объективное состояние:**  
Общее состояние средней сложности, пациентка жалуется на учащенное сердцебиение и приступы удушья.

**Результаты:**  
Проведено приемное обследование, обнаружены признаки хронической ишемической болезни сердца.

**Продиагностировано:**  
Хроническое ишемическое поражение сердечной мышцы, стенокардия, диагностировано на основе результатов эхокардиограммы.

**Рекомендации:**  
Пациентке рекомендовано принимать препарат ""Аспикор"" по 1 таблетке в день, а также обратиться к нейрологу для комплексного лечения.

**Временная нетрудоспособность:**  
Пациентке рекомендован отпуск от работы на период лечения.

**Контроль:**  
Обязательная последующая консультация через 2 месяца для анализа эффективности назначенного лечения.",Rearrange paragraphs,gpt-3.5-turbo
84,"{'text': 'Одесская городская мультидисциплинарная клиника ""Здоровье плюс""\nКабинет ультразвуковой диагностики №403\nАдрес: ул. Солнечная 17, г. Одесса\n\nДоктор: Данилова Анастасия Владимировна\nСпециализация: рентгенолог-ультразвуковой диагност\n\nРезультаты ультразвукового исследования органов брюшной полости:\n\nПациент: Иванова Елена Васильевна\nДата рождения: 25 апреля 1987 года\n\nПечень:\n- Размеры: правая доля 117 мм, левая доля 27 мм\n- Эхоструктура: однородная\n- Эхогенность: средняя\n- Воротная вена: 10 мм, холедох 5 мм, нижняя полая вена 19 мм\n- Наличие дополнительных образований: отсутствует\n\nЖелчный пузырь:\n- Размеры: длина 72 мм, ширина 16 мм\n- Форма: натяжение в шейке, утолщение стенки 2.5 мм\n- Содержимое: анэхогенное\n- Наличие дополнительных образований: не выявлено\n\nПоджелудочная железа:\n- Размеры: головка 17 мм, тело 15 мм, хвост 16 мм\n- Контур: четкий, ровный\n- Эхоструктура: однородная\n- Вирсунгов проток не расширен\n- Наличие дополнительных образований: отсутствует\n\nСелезенка:\n- Размеры: длина 82 мм, ширина 33 мм, площадь 25 см2\n- Форма: нормальная\n- Контур: четкий, ровный\n- Эхоструктура: однородная\n- Селезеночная вена: 5 мм\n- Наличие дополнительных образований: не обнаружено\n\nДополнительные рекомендации: регулярное наблюдение у врача, следить за питанием и уровнем активности.\n\nПациенту рекомендовано пройти повторное ультразвуковое исследование через 6 месяцев для контроля состояния органов брюшной полости.\n\nКонтактный телефон для записи: (048) 703-70-99\n\nДата исследования: 03 декабря 20XX\n\nС уважением,\nДоктор Данилова А.В.'}","{'text': 'Киевская городская клиника ""Медик Плюс""\nКабинет ультразвуковой диагностики №507\nАдрес: ул. Днепровская набережная 24, г. Киев\n\nДоктор: Смирнова Екатерина Олеговна\nСпециализация: врач ультразвуковой диагностики\n\nРезультаты ультразвукового исследования органов брюшной полости:\n\nПациент: Карпенко Мария Андреевна\nДата рождения: 14 марта 1990 года\n\nПечень:\n- Размеры: правая доля 120 мм, левая доля 31 мм\n- Эхоструктура: однородная\n- Эхогенность: повышенная\n- Воротная вена: 11 мм, холедох 6 мм, нижняя полая вена 20 мм\n- Наличие дополнительных образований: выявлено небольшое гипоэхогенное образование диаметром 4 мм\n\nЖелчный пузырь:\n- Размеры: длина 70 мм, ширина 18 мм\n- Форма: S-образная, утолщение стенки 3 мм\n- Содержимое: анэхогенное\n- Наличие дополнительных образований: не выявлено\n\nПоджелудочная железа:\n- Размеры: головка 18 мм, тело 17 мм, хвост 20 мм\n- Контур: четкий, ровный\n- Эхоструктура: однородная\n- Вирсунгов проток не расширен\n- Наличие дополнительных образований: отсутствует\n\nСелезенка:\n- Размеры: длина 85 мм, ширина 35 мм, площадь 30 см2\n- Форма: нормальная\n- Контур: четкий, ровный\n- Эхоструктура: однородная\n- Селезеночная вена: 6 мм\n- Наличие дополнительных образований: не обнаружено\n\nК заключению настоящего исследования:\n- Печень с небольшим гипоэхогенным образованием требует дальнейшего наблюдения.\n- Желчный пузырь имеет незначительное утолщение стенки, что может свидетельствовать о начальных изменениях стенки.\n\nДополнительные рекомендации: консультация гастроэнтеролога, регулярное наблюдение, контроль уровня гликемии.\n\nПациенту рекомендовано пройти повторное ультразвуковое исследование через 3 месяца для оценки изменений.\n\nКонтактный телефон для записи: (044) 202-45-67\n\nДата исследования: 15 ноября 20XX\n\nС уважением,\nДоктор Смирнова Е.О.\n\nДополнительно:\nПациентке также рекомендовано проверить уровень артериального давления и провести анализы на липидный профиль.\nВ случае ухудшения самочувствия, обратиться к врачу незамедлительно.'}",Add a few new paragraphs,gpt-4o
